Workbook

Sheet 基本情報
P1: 勤務日数 | Q1: 15日時点の稼働時間 | R1: 月総労働時間 | S1: =IF(C13-R2<0,"下限までの時間","下限を割った時間") -> 下限までの時間 | T1: =IF(C14-R2>0,"超過までの時間","超過時間") -> 超過時間
B2: 入力項目 | P2: =COUNT(Q5:Q35) -> 16 | Q2: =SUM(Q5:Q19) -> 1.5625 | R2: =SUM(Q5:Q35) -> 5.4166667 | T2: =ABS(C14-R2) -> 5.4166667
B3: ① | E3: ④
B4: 客先名 | C4: ぎょうせい | E4: 日付 | F4: 曜日 | G4: 出社 | H4: 退社 | I4: 休憩(h) | J4: 作業内容 | Q4: 日毎労働時間
B5: プロジェクト名 | C5: 新会計システム開発 | E5: =C7 -> 44712 | F5: =E5 -> 44712 | Q5: =IF(OR(G5="",H5=""),"",(H5-G5-I5)) | S5: 記入要領
B6: ② | E6: =IF(E5="","",IF(MONTH(E5+1)=MONTH(E5),E5+1,"")) -> 44713 | F6: =E6 -> 44713 | Q6: =IF(OR(G6="",H6=""),"",(H6-G6-I6)) | S6: ① 客先名：勤務表を提出する顧客を記入 プロジェクト名：参画中のプロジェクト名を記入 ② 勤務月：対象月を記入 作業報告者：入力者を記入 ※管理責任者の方は不要 管理責任者：FL管理責任者を記入 ③ 控除：契約の控除時間を記入 超過：契約の超過時間を記入 ※固定の場合は記入不要 ④ 日付：対象月の日付を記入 曜日：対象月の曜日を記入 出社：出社時間を記入 退社：退社時間を記入 休憩：休憩時間を記入 作業内容：実施した作業内容を記入
B7: 勤務月 | C7: 44712 | E7: =IF(E6="","",IF(MONTH(E6+1)=MONTH(E6),E6+1,"")) -> 44714 | F7: =E7 -> 44714 | Q7: =IF(OR(G7="",H7=""),"",(H7-G7-I7))
B8: 作業報告者 | C8: 上藤 千佳 | E8: =IF(E7="","",IF(MONTH(E7+1)=MONTH(E7),E7+1,"")) -> 44715 | F8: =E8 -> 44715 | Q8: =IF(OR(G8="",H8=""),"",(H8-G8-I8))
E9: =IF(E8="","",IF(MONTH(E8+1)=MONTH(E8),E8+1,"")) -> 44716 | F9: =E9 -> 44716 | Q9: =IF(OR(G9="",H9=""),"",(H9-G9-I9))
B10: 管理責任者 | C10: 井上 博勝 | E10: =IF(E9="","",IF(MONTH(E9+1)=MONTH(E9),E9+1,"")) -> 44717 | F10: =E10 -> 44717 | Q10: =IF(OR(G10="",H10=""),"",(H10-G10-I10))
B11: ③ | E11: =IF(E10="","",IF(MONTH(E10+1)=MONTH(E10),E10+1,"")) -> 44718 | F11: =E11 -> 44718 | Q11: =IF(OR(G11="",H11=""),"",(H11-G11-I11))
B12: 標準作業時間 | E12: =IF(E11="","",IF(MONTH(E11+1)=MONTH(E11),E11+1,"")) -> 44719 | F12: =E12 -> 44719 | Q12: =IF(OR(G12="",H12=""),"",(H12-G12-I12))
B13: 控除 | E13: =IF(E12="","",IF(MONTH(E12+1)=MONTH(E12),E12+1,"")) -> 44720 | F13: =E13 -> 44720 | G13: 0.39583333 | H13: 0.75 | I13: 0.041666667 | J13: PCセットアップ | Q13: =IF(OR(G13="",H13=""),"",(H13-G13-I13)) -> 0.3125
B14: 超過 | E14: =IF(E13="","",IF(MONTH(E13+1)=MONTH(E13),E13+1,"")) -> 44721 | F14: =E14 -> 44721 | G14: 0.39583333 | H14: 0.75 | I14: 0.041666667 | J14: 業務説明 | Q14: =IF(OR(G14="",H14=""),"",(H14-G14-I14)) -> 0.3125
E15: =IF(E14="","",IF(MONTH(E14+1)=MONTH(E14),E14+1,"")) -> 44722 | F15: =E15 -> 44722 | G15: 0.39583333 | H15: 0.75 | I15: 0.041666667 | J15: 帳票説明会（新木場） | Q15: =IF(OR(G15="",H15=""),"",(H15-G15-I15)) -> 0.3125
E16: =IF(E15="","",IF(MONTH(E15+1)=MONTH(E15),E15+1,"")) -> 44723 | F16: =E16 -> 44723 | G16: 0.39583333 | H16: 0.75 | I16: 0.041666667 | J16: 帳票スケジュール表入力作業 | Q16: =IF(OR(G16="",H16=""),"",(H16-G16-I16)) -> 0.3125
E17: =IF(E16="","",IF(MONTH(E16+1)=MONTH(E16),E16+1,"")) -> 44724 | F17: =E17 -> 44724 | Q17: =IF(OR(G17="",H17=""),"",(H17-G17-I17))
E18: =IF(E17="","",IF(MONTH(E17+1)=MONTH(E17),E17+1,"")) -> 44725 | F18: =E18 -> 44725 | Q18: =IF(OR(G18="",H18=""),"",(H18-G18-I18))
E19: =IF(E18="","",IF(MONTH(E18+1)=MONTH(E18),E18+1,"")) -> 44726 | F19: =E19 -> 44726 | G19: 0.39583333 | H19: 0.75 | I19: 0.041666667 | J19: 帳票スケジュール表入力作業 | Q19: =IF(OR(G19="",H19=""),"",(H19-G19-I19)) -> 0.3125
E20: =IF(E19="","",IF(MONTH(E19+1)=MONTH(E19),E19+1,"")) -> 44727 | F20: =E20 -> 44727 | G20: 0.39583333 | H20: 0.79166667 | I20: 0.041666667 | J20: 帳票設計書作成 | Q20: =IF(OR(G20="",H20=""),"",(H20-G20-I20)) -> 0.35416667
E21: =IF(E20="","",IF(MONTH(E20+1)=MONTH(E20),E20+1,"")) -> 44728 | F21: =E21 -> 44728 | G21: 0.39583333 | H21: 0.79166667 | I21: 0.041666667 | J21: 帳票設計書作成 | Q21: =IF(OR(G21="",H21=""),"",(H21-G21-I21)) -> 0.35416667
E22: =IF(E21="","",IF(MONTH(E21+1)=MONTH(E21),E21+1,"")) -> 44729 | F22: =E22 -> 44729 | G22: 0.39583333 | H22: 0.80208333 | I22: 0.041666667 | J22: 帳票説明会（新木場） | Q22: =IF(OR(G22="",H22=""),"",(H22-G22-I22)) -> 0.36458333
E23: =IF(E22="","",IF(MONTH(E22+1)=MONTH(E22),E22+1,"")) -> 44730 | F23: =E23 -> 44730 | G23: 0.39583333 | H23: 0.79166667 | I23: 0.041666667 | J23: 帳票設計書作成 | Q23: =IF(OR(G23="",H23=""),"",(H23-G23-I23)) -> 0.35416667
E24: =IF(E23="","",IF(MONTH(E23+1)=MONTH(E23),E23+1,"")) -> 44731 | F24: =E24 -> 44731 | Q24: =IF(OR(G24="",H24=""),"",(H24-G24-I24))
E25: =IF(E24="","",IF(MONTH(E24+1)=MONTH(E24),E24+1,"")) -> 44732 | F25: =E25 -> 44732 | Q25: =IF(OR(G25="",H25=""),"",(H25-G25-I25))
E26: =IF(E25="","",IF(MONTH(E25+1)=MONTH(E25),E25+1,"")) -> 44733 | F26: =E26 -> 44733 | G26: 0.39583333 | H26: 0.79166667 | I26: 0.041666667 | J26: 帳票設計書作成 | Q26: =IF(OR(G26="",H26=""),"",(H26-G26-I26)) -> 0.35416667
E27: =IF(E26="","",IF(MONTH(E26+1)=MONTH(E26),E26+1,"")) -> 44734 | F27: =E27 -> 44734 | G27: 0.39583333 | H27: 0.79166667 | I27: 0.041666667 | J27: 帳票設計書作成 | Q27: =IF(OR(G27="",H27=""),"",(H27-G27-I27)) -> 0.35416667
E28: =IF(E27="","",IF(MONTH(E27+1)=MONTH(E27),E27+1,"")) -> 44735 | F28: =E28 -> 44735 | G28: 0.39583333 | H28: 0.80208333 | I28: 0.041666667 | J28: 帳票設計書作成 | Q28: =IF(OR(G28="",H28=""),"",(H28-G28-I28)) -> 0.36458333
E29: =IF(E28="","",IF(MONTH(E28+1)=MONTH(E28),E28+1,"")) -> 44736 | F29: =E29 -> 44736 | G29: 0.39583333 | H29: 0.83333333 | I29: 0.041666667 | J29: 帳票説明会（新木場） | Q29: =IF(OR(G29="",H29=""),"",(H29-G29-I29)) -> 0.39583333
E30: =IF(E29="","",IF(MONTH(E29+1)=MONTH(E29),E29+1,"")) -> 44737 | F30: =E30 -> 44737 | G30: 0.39583333 | H30: 0.75 | I30: 0.041666667 | J30: 帳票設計書作成 | Q30: =IF(OR(G30="",H30=""),"",(H30-G30-I30)) -> 0.3125
E31: =IF(E30="","",IF(MONTH(E30+1)=MONTH(E30),E30+1,"")) -> 44738 | F31: =E31 -> 44738 | Q31: =IF(OR(G31="",H31=""),"",(H31-G31-I31))
E32: =IF(E31="","",IF(MONTH(E31+1)=MONTH(E31),E31+1,"")) -> 44739 | F32: =E32 -> 44739 | Q32: =IF(OR(G32="",H32=""),"",(H32-G32-I32))
E33: =IF(E32="","",IF(MONTH(E32+1)=MONTH(E32),E32+1,"")) -> 44740 | F33: =E33 -> 44740 | G33: 0.39583333 | H33: 0.77083333 | I33: 0.041666667 | J33: 帳票設計書作成 | Q33: =IF(OR(G33="",H33=""),"",(H33-G33-I33)) -> 0.33333333
E34: =IF(E33="","",IF(MONTH(E33+1)=MONTH(E33),E33+1,"")) -> 44741 | F34: =E34 -> 44741 | G34: 0.39583333 | H34: 0.75 | I34: 0.041666667 | J34: 帳票設計書作成 | Q34: =IF(OR(G34="",H34=""),"",(H34-G34-I34)) -> 0.3125
E35: =IF(E34="","",IF(MONTH(E34+1)=MONTH(E34),E34+1,"")) | F35: =E35 | Q35: =IF(OR(G35="",H35=""),"",(H35-G35-I35))

Sheet 報告書
A2: =基本情報!$C$4&" "&"御中" -> ぎょうせい 御中
D3: 作業実績書 | F3: 勤務月 | G3: =IF(基本情報!C7="","",基本情報!C7) -> 44712
F4: 会社名 | G4: 株式会社ファンリード
A5: ="プロジェクト名："&基本情報!$C$5 -> プロジェクト名：新会計システム開発 | F5: 作業報告者 | G5: =基本情報!C8 -> 上藤 千佳
F6: 管理責任者 | G6: =基本情報!$C$10 -> 井上 博勝
A7: 稼働時間 | B7: =SUM(C12:C42) -> 5.4166667
A8: 勤務日数 | B8: =COUNT(C12:C42) -> 16
A9: 超過控除
A11: 日付 | B11: 曜日 | C11: 稼働時間 | D11: 作業内容
A12: =IF(基本情報!E5="","",基本情報!E5) -> 44712 | B12: =IF(基本情報!F5="","",基本情報!F5) -> 44712 | C12: =IF(基本情報!G5="","",基本情報!H5-基本情報!G5-基本情報!I5) | D12: =IF(基本情報!J5="","",基本情報!J5)
A13: =IF(基本情報!E6="","",基本情報!E6) -> 44713 | B13: =IF(基本情報!F6="","",基本情報!F6) -> 44713 | C13: =IF(基本情報!G6="","",基本情報!H6-基本情報!G6-基本情報!I6) | D13: =IF(基本情報!J6="","",基本情報!J6)
A14: =IF(基本情報!E7="","",基本情報!E7) -> 44714 | B14: =IF(基本情報!F7="","",基本情報!F7) -> 44714 | C14: =IF(基本情報!G7="","",基本情報!H7-基本情報!G7-基本情報!I7) | D14: =IF(基本情報!J7="","",基本情報!J7)
A15: =IF(基本情報!E8="","",基本情報!E8) -> 44715 | B15: =IF(基本情報!F8="","",基本情報!F8) -> 44715 | C15: =IF(基本情報!G8="","",基本情報!H8-基本情報!G8-基本情報!I8) | D15: =IF(基本情報!J8="","",基本情報!J8)
A16: =IF(基本情報!E9="","",基本情報!E9) -> 44716 | B16: =IF(基本情報!F9="","",基本情報!F9) -> 44716 | C16: =IF(基本情報!G9="","",基本情報!H9-基本情報!G9-基本情報!I9) | D16: =IF(基本情報!J9="","",基本情報!J9)
A17: =IF(基本情報!E10="","",基本情報!E10) -> 44717 | B17: =IF(基本情報!F10="","",基本情報!F10) -> 44717 | C17: =IF(基本情報!G10="","",基本情報!H10-基本情報!G10-基本情報!I10) | D17: =IF(基本情報!J10="","",基本情報!J10)
A18: =IF(基本情報!E11="","",基本情報!E11) -> 44718 | B18: =IF(基本情報!F11="","",基本情報!F11) -> 44718 | C18: =IF(基本情報!G11="","",基本情報!H11-基本情報!G11-基本情報!I11) | D18: =IF(基本情報!J11="","",基本情報!J11)
A19: =IF(基本情報!E12="","",基本情報!E12) -> 44719 | B19: =IF(基本情報!F12="","",基本情報!F12) -> 44719 | C19: =IF(基本情報!G12="","",基本情報!H12-基本情報!G12-基本情報!I12) | D19: =IF(基本情報!J12="","",基本情報!J12)
A20: =IF(基本情報!E13="","",基本情報!E13) -> 44720 | B20: =IF(基本情報!F13="","",基本情報!F13) -> 44720 | C20: =IF(基本情報!G13="","",基本情報!H13-基本情報!G13-基本情報!I13) -> 0.3125 | D20: =IF(基本情報!J13="","",基本情報!J13) -> PCセットアップ
A21: =IF(基本情報!E14="","",基本情報!E14) -> 44721 | B21: =IF(基本情報!F14="","",基本情報!F14) -> 44721 | C21: =IF(基本情報!G14="","",基本情報!H14-基本情報!G14-基本情報!I14) -> 0.3125 | D21: =IF(基本情報!J14="","",基本情報!J14) -> 業務説明
A22: =IF(基本情報!E15="","",基本情報!E15) -> 44722 | B22: =IF(基本情報!F15="","",基本情報!F15) -> 44722 | C22: =IF(基本情報!G15="","",基本情報!H15-基本情報!G15-基本情報!I15) -> 0.3125 | D22: =IF(基本情報!J15="","",基本情報!J15) -> 帳票説明会（新木場）
A23: =IF(基本情報!E16="","",基本情報!E16) -> 44723 | B23: =IF(基本情報!F16="","",基本情報!F16) -> 44723 | C23: =IF(基本情報!G16="","",基本情報!H16-基本情報!G16-基本情報!I16) -> 0.3125 | D23: =IF(基本情報!J16="","",基本情報!J16) -> 帳票スケジュール表入力作業
... A42: =IF(基本情報!E35="","",基本情報!E35) | B42: =IF(基本情報!F35="","",基本情報!F35) | C42: =IF(基本情報!G35="","",基本情報!H35-基本情報!G35-基本情報!I35) | D42: =IF(基本情報!J35="","",基本情報!J35)
